{"(32, 8, 32, 10000)": [0.9997718307546154, 0.02110628600761927, 0.9271534720347907, 0.749329014422537, 0.4205768395208656, 0.018464720471610224, 0.9271534720347907, 0.749329014422537, 0.025225085719589344, 1.3116859929819404, 0.02231452877956056, 1.3156817556155833], "(16, 8, 26, 10000)": [0.9989083787831853, 0.019885580946953092, 0.9267011927877904, 0.7199290345314592, 0.4769973861309006, 0.015846740375721133, 0.9267011927877904, 0.7199290345314592, 0.019943215480196282, 1.2006242676340024, 0.01954747499020162, 1.2086158803904163], "(64, 16, 64, 10000)": [0.9900571919268895, 0.016581868438630784, 0.9355419599059193, 0.8007969240253188, 0.542892894453383, 0.01599542262049406, 0.9355419599059193, 0.8007969240253188, 0.03673900037250689, 1.3044071159830883, 0.057781178462205596, 1.2925436842755933], "(32, 8, 42, 10000)": [0.9849981580524868, 0.018272139059827237, 0.9028282546829715, 0.6947457794693243, 0.6145205221831004, 0.014076265634681347, 0.9028282546829715, 0.6947457794693243, 0.01828891090925816, 1.251331759163648, 0.43247115013279225, 1.0028833308292546], "(8, 2, 28, 10000)": [0.9999095653605075, 0.013898378309022527, 0.6344850718481567, 0.36695798482048897, 0.11397933635034113, 0.007149315170369089, 0.6344850718481567, 0.36695798482048897, 0.0253533225716884, 1.1764927111683576, 0.013525992242167061, 1.1929927813956163], "(8, 8, 28, 10000)": [0.6584022918874247, 0.015052769940204202, 0.9329023637316917, 0.6263533361020798, 0.10790002234509653, 0.00688588934867582, 0.9329023637316917, 0.6263533361020798, 0.015175789940224534, 1.2050776086558896, 0.1808146438556294, 1.2398004476864173], "(32, 16, 32, 10000)": [0.9976001399085158, 0.02184195310407943, 0.9545456318213172, 0.6181272855473404, 0.6313708011075578, 0.018507714406676524, 0.9545456318213172, 0.6181272855473404, 0.040803562072742015, 1.149818131773189, 0.09674875821480218, 1.1086793813343656], "(16, 16, 36, 10000)": [0.9907327564571655, 0.018056261149595, 0.949834252483624, 0.8342240164027134, 0.24615603328056349, 0.016636968833576786, 0.949834252483624, 0.8342240164027134, 0.01805873204775602, 1.288215089457983, 0.22523513841409726, 1.2531522935547232], "(4, 4, 14, 10000)": [0.8269850373182369, 0.013446605754570302, 0.7321603296898664, 0.34049327106354327, 0.019861982685971526, 0.0028282797948282535, 0.7321603296898664, 0.34049327106354327, 0.013463445484286836, 0.34907665464380805, 0.05881714102338116, 0.37079610109539646], "(4, 4, 24, 10000)": [0.42915746639093233, 0.01570807422120265, 0.8829350747359587, 0.36510457787631206, 0.026085025137944952, 0.0004563050875262575, 0.8829350747359587, 0.36510457787631206, 0.01595688362483636, 0.982864359676201, 0.005076538734248621, 0.9913520758578094], "(8, 4, 18, 10000)": [0.9812269496561137, 0.020823904343513198, 0.7321464595488965, 0.5633554969458267, 0.24452855752321195, 0.013748833769126374, 0.7321464595488965, 0.5633554969458267, 0.020916546836902413, 1.216775404315442, 0.01776912235348554, 1.2177813632956294], "(16, 4, 26, 10000)": [0.9296938846534665, 0.019728999375032735, 0.840540203370242, 0.4579095440526488, 0.5997155271362978, 0.016164384443661323, 0.840540203370242, 0.4579095440526488, 0.046572019274444036, 1.2368118236817267, 0.143155525095387, 1.2244718501704488], "(32, 16, 52, 10000)": [0.9995742401182265, 0.022289197996680526, 0.9299816555364949, 0.7853737437830075, 0.7758850463713717, 0.020844580129771053, 0.9299816555364949, 0.7853737437830075, 0.031008823930202673, 1.1997513311623635, 0.1087878687542613, 1.288833507816988], "(8, 2, 18, 10000)": [0.9801081839334561, 0.0021977004335580305, 0.6671007094515385, 0.5286222938911634, 0.4212309424359845, 0.0007816332889896732, 0.6671007094515385, 0.5286222938911634, 1.2302881661063032, 0.560668503005729, 1.1631923968474547, 0.5343005523329538], "(4, 2, 24, 10000)": [0.6303984079240537, 0.052362041289396644, 0.773876140134706, 0.5197067613370476, 0.07835694563447224, 0.0037237758497839263, 0.773876140134706, 0.5197067613370476, 0.05671915322885352, 0.8372885468799167, 0.024773249305817525, 0.856416105307572], "(8, 8, 18, 10000)": [0.9992423867737017, 0.02187595776049781, 0.8858068353939009, 0.6558775613038365, 0.09766947116855419, 0.011831880886003676, 0.8858068353939009, 0.6558775613038365, 0.022011949717153666, 0.936477129383085, 0.052216841442309515, 0.9152132575793586], "(8, 4, 8, 10000)": [0.9635289776218965, 0.020732257269261922, 0.8831033732814348, 0.5856789617432422, 0.22499681210625966, 0.015457419728988595, 0.8831033732814348, 0.5856789617432422, 0.02078976951161823, 1.179279809628212, 0.01751001115190904, 1.178271579183884], "(2, 2, 12, 10000)": [0.13778010767550247, 0.07619966084773928, 0.2952049526479802, 0.23362450582021702, 6.32591004473527e-16, 6.165488558447645e-16, 0.2952049526479802, 0.23362450582021702, 0.07663835712654656, 0.29980793393853766, 0.21890544824553795, 0.15865235835690134], "(16, 16, 26, 10000)": [0.991282998160672, 0.026693331575160177, 0.9420186908008358, 0.7920785301304295, 0.4722643189701164, 0.02250097610128246, 0.9420186908008358, 0.7920785301304295, 0.026760586436025, 1.1999450944400893, 0.20864567463877434, 1.2520519686584448], "(4, 2, 14, 10000)": [0.7906966616280382, 0.035402462370786085, 0.8973543976945095, 0.28677390859366964, 0.0679667302022445, 0.007562055542521292, 0.8973543976945095, 0.28677390859366964, 0.9866535983196821, 0.30017947994379496, 1.0376631650958998, 0.2937419490158304], "(2, 2, 22, 10000)": [0.10120848548021501, 0.07549048151124248, 0.1363883272380365, 0.11067032326906397, 1.0826380888512011e-15, 8.237471311912528e-16, 0.1363883272380365, 0.11067032326906397, 0.10137054585848047, 0.11121041973481895, 0.16946157751433982, 0.04290656798764325], "(32, 8, 52, 10000)": [0.9990261379972857, 0.016285617487090863, 0.8956676109070586, 0.7427982623563707, 0.6723394201927038, 0.015336838852515397, 0.8956676109070586, 0.7427982623563707, 0.019107264031886645, 1.3614315010992513, 0.017592385766872665, 1.3626353366874615], "(16, 8, 16, 10000)": [0.964632754314418, 0.016985223026768595, 0.9151480627564197, 0.6787822319308452, 0.346215460941664, 0.014609306308478452, 0.9151480627564197, 0.6787822319308452, 0.01918820988217444, 1.1644445993365509, 0.020236349581080684, 1.1582955457003465], "(2, 1, 22, 10000)": [0.04790521853091081, 0.046453788349287144, 0.6237202511080117, 0.6237202511080117, 8.51352602241863e-16, 4.873527389494804e-16, 0.6237202511080117, 0.6237202511080117, 0.04658441981903251, 0.7922439878041226, 0.12534699400520186, 0.928596971821671], "(4, 1, 4, 10000)": [0.999998998671783, 8.838412179445367e-05, 0.0011318650350076458, 0.0011318650350076458, 0.001217330284514979, 8.288457584169043e-05, 0.0011318650350076458, 0.0011318650350076458, 0.8244417723482897, 0.32450032509292, 0.8244196611017525, 0.32452636773042465], "(4, 4, 4, 10000)": [0.6128506684697079, 0.02124892938017811, 0.7305632182235257, 0.6240023819092906, 0.04508926122148524, 0.002384840848457989, 0.7305632182235257, 0.6240023819092906, 0.022971702020261057, 0.8008080473943494, 0.1857822111645968, 0.6701018956022278], "(8, 2, 8, 10000)": [0.9969008833079873, 0.005886676915035461, 0.6998166938457206, 0.4155776938177647, 0.24247105133824443, 0.004099976621826145, 0.6998166938457206, 0.4155776938177647, 0.0436536204579939, 1.1243089012545153, 0.030969071839614608, 1.1363033434146044], "(8, 4, 28, 10000)": [0.8899002927553028, 0.019192784232552603, 0.7905991441946925, 0.5960678909467638, 0.23726196615791315, 0.015465125369737476, 0.7905991441946925, 0.5960678909467638, 0.019647922032234935, 1.1854473159618393, 0.016068419722777276, 1.1904683250678298], "(16, 4, 16, 10000)": [0.999392134153955, 0.02766418250924937, 0.89286388604024, 0.4811685908825261, 0.4055727827393212, 0.008599976959529923, 0.89286388604024, 0.4811685908825261, 0.027845728515036156, 1.1558844093829066, 0.27508317694149215, 0.995893591072409],