{"(19, 2, 30, 5000)": [[0.999989970249655, 0.012493589683430522], [0.6636717969678074, 0.5285482786404835], [0.12007743999647125, 0.011812839660030562], [0.6636717969678074, 0.5285482786404835], 0.03320887869362633, 1.2883642266191926, 0.031977364871923264, 1.2916789724172513], "(12, 4, 30, 5000)": [[0.9982691379363058, 0.02491143071539101], [0.8207123817235301, 0.6773011703057876], [0.3209723052204253, 0.019585409909226793], [0.8207123817235301, 0.6773011703057876], 0.025381215722847333, 1.229824288875594, 0.019934794450646286, 1.2352551484402006], "(11, 1, 30, 5000)": [[0.9999673353210733, 0.00033125378136701855], [0.0004282138187004309, 0.0004282138187004309], [0.0022664300352806385, 0.00012094478829485089], [0.0004282138187004309, 0.0004282138187004309], 0.0003630477144227213, 1.1075376431173571, 0.0001910236684901849, 1.1075372149561011], "(7, 2, 30, 5000)": [[0.9998470188752567, 0.008878056080538007], [0.5362963250288884, 0.41280857021407785], [0.030006417322197092, 0.00582839619044222], [0.5362963250288884, 0.41280857021407785], 0.02649178596547998, 0.8910887650197954, 0.38662533801062626, 0.6141914204321787], "(11, 2, 30, 5000)": [[0.8001736202782269, 0.002134307541164865], [0.6218686538012539, 0.6203874858627298], [0.20953638441767838, 0.0021281864003907737], [0.6218686538012539, 0.6203874858627298], 0.2768887983247746, 1.0883130163995354, 1.0647689017697017, 0.9921224886410761], "(13, 2, 30, 5000)": [[0.9914819546389879, 0.0063293719763249665], [0.7493404014567926, 0.47439733030830666], [0.5069909578972746, 0.0009314188376485134], [0.7493404014567926, 0.47439733030830666], 0.020048501360304182, 1.3355128200466064, 0.00324756869633783, 1.3469580623439388], "(9, 1, 30, 5000)": [[0.9930325652233074, 0.0003977574883115742], [0.0009472897117253062, 0.0009472897117253062], [0.004214527791033587, 0.00021217778022951405], [0.0009472897117253062, 0.0009472897117253062], 0.000663173337873642, 0.943071501980879, 0.00028755555850505285, 0.9430660817629032], "(6, 2, 30, 5000)": [[0.9946530732439302, 0.011019040891243639], [0.8146006826661188, 0.22947281766242134], [0.038466076189615624, 0.005173474138753728], [0.8146006826661188, 0.22947281766242134], 0.33855937613001785, 0.839488499693443, 0.9086826874690498, 0.11514203710617446], "(7, 4, 30, 5000)": [[0.9966264454071849, 0.01730459538795865], [0.8455645119394182, 0.255473449670978], [0.271017050567315, 0.014159468926325908], [0.8455645119394182, 0.255473449670978], 0.827763234128161, 0.4158348514754911, 0.9600269544187484, 0.3619614725313123], "(8, 2, 30, 5000)": [[0.9990906654408098, 0.01061332632993009], [0.7412989646046544, 0.104263388787625], [0.10941253328928234, 0.0102104577722839], [0.7412989646046544, 0.104263388787625], 0.018146693772147088, 0.6733054136575995, 0.01833803292831945, 0.6738792224367549], "(18, 3, 30, 5000)": [[0.9661710398125131, 0.004563538831500045], [0.7585094980781979, 0.5682077725097724], [0.41223892034250464, 0.004121505701807097], [0.7585094980781979, 0.5682077725097724], 0.027453549827984716, 1.1481203318661155, 0.024916956604277247, 1.1500024639567739], "(17, 1, 30, 5000)": [[0.999992574207417, 0.00023790663353441543], [0.00018832740713248985, 0.00018832740713248985], [0.0253899353067145, 0.0002361802457486932], [0.00018832740713248985, 0.00018832740713248985], 0.0002991968056671262, 1.207862419653481, 0.00029761135750135456, 1.207862129133481], "(10, 4, 30, 5000)": [[0.9886962659144422, 0.0166575661464766], [0.8269150681701395, 0.58103333211989], [0.09440501901158775, 0.014802463194752912], [0.8269150681701395, 0.58103333211989], 0.06629587992769921, 1.1447480512701471, 0.40903032728336325, 0.9256028712405471], "(16, 1, 30, 5000)": [[0.9999783653943319, 0.00027716164829113177], [0.00046472727403026637, 0.00046472727403026637], [0.009125852032177615, 0.0002735382140543944], [0.00046472727403026637, 0.00046472727403026637], 1.2850630501202118, 0.000477696072202299, 1.2850634053114018, 0.00022666290610405453], "(16, 3, 30, 5000)": [[0.9795015128214626, 0.023785681185650165], [0.8272082760883023, 0.131853164016704], [0.6982526225487661, 0.019592648294266], [0.8272082760883023, 0.131853164016704], 1.0271043065158103, 0.13633818385552357, 0.9003764566073846, 0.335778846661612], "(19, 3, 30, 5000)": [[0.9998873245026312, 0.015632925264370327], [0.8569513328144786, 0.23259829403827026], [0.13836471978572715, 0.01517522244109366], [0.8569513328144786, 0.23259829403827026], 1.2369642340757023, 0.2347120040362299, 1.0575794438650306, 0.49098428405255506], "(6, 1, 30, 5000)": [[0.14046574718897697, 0.045120678806004046], [0.7107437872990401, 0.7107437872990401], [0.00033779282363725666, 0.00011724523771381431], [0.7107437872990401, 0.7107437872990401], 0.04562447168809618, 0.8529398085724434, 0.00043674405547882653, 0.8926332120268793], "(12, 1, 30, 5000)": [[0.9999757115218691, 0.0002047077251383817], [0.00022826538317994558, 0.00022826538317994558], [0.018840187524989654, 0.000203990952510607], [0.00022826538317994558, 0.00022826538317994558], 0.00020680408762307722, 0.9302747702993998, 0.0002061195452309483, 0.9302749239188338], "(10, 1, 30, 5000)": [[0.9997140466684055, 0.0006374245290255777], [0.0034743276827630507, 0.0034743276827630507], [0.0007100630091195912, 0.00011900738320831875], [0.0034743276827630507, 0.0034743276827630507], 0.0022704752751430053, 0.9945455539968995, 0.000503640199572161, 0.9945987202289593], "(8, 4, 30, 5000)": [[0.9896716102541842, 0.019400639553284978], [0.7647480816159925, 0.39936478216127763], [0.4331447743046121, 0.008437404033513791], [0.7647480816159925, 0.39936478216127763], 0.02338908314980414, 0.7410086742556714, 0.2648362371248952, 0.5376899143284495], "(5, 4, 30, 5000)": [[0.8935792486035881, 0.018207757141895327], [0.8211781042025091, 0.43387016484122304], [0.11906830208708219, 0.014866937566647948], [0.8211781042025091, 0.43387016484122304], 0.04639241382678649, 1.056380955158117, 0.5891545015543888, 0.6033212310146762], "(11, 3, 30, 5000)": [[0.9979930860308138, 0.015696338558082418], [0.8568873118066113, 0.24450240488446567], [0.9310090545162778, 0.008062887492231012], [0.8568873118066113, 0.24450240488446567], 0.03565273829977614, 1.193047634023728, 0.026714089353212074, 1.2102757984572405], "(16, 4, 30, 5000)": [[0.9931041731930572, 0.015729804794789998], [0.889524489532678, 0.5175776885134077], [0.11886156055247836, 0.008769457583393783], [0.889524489532678, 0.5175776885134077], 0.025134705880094525, 1.2793614605234271, 0.021452130490179112, 1.2867561701371153], "(5, 2, 30, 5000)": [[0.9992244636957771, 0.008806705228545913], [0.4841836683301024, 0.2967093031610188], [0.02347881290963423, 0.0005634433182272685], [0.4841836683301024, 0.2967093031610188], 0.025652927500768294, 1.196659074732577, 0.6280194529059043, 0.7790263436859206], "(5, 3, 30, 5000)": [[0.9632897243292321, 0.014529561796995716], [0.6140052720599735, 0.48167583051563495], [0.11632924153339234, 0.006595855119903219], [0.6140052720599735, 0.48167583051563495], 0.01754856310317183, 0.7797553225094362, 0.007925733102930188, 0.7948464731516207], "(5, 1, 30, 5000)": [[0.998972617255161, 0.004739689103583591], [0.0030652073237307, 0.0030652073237307], [0.0009920922915932107, 0.0001318541775448729], [0.0030652073237307, 0.0030652073237307], 1.0809421205305751, 0.0030672892789069288, 1.0810205308286103, 9.48798566081597e-05], "(14, 3, 30, 5000)": [[0.999258146636769, 0.02133237005587746], [0.8347739786790891, 0.5644937567852952], [0.31154359547562466, 0.013645308787185484], [0.8347739786790891, 0.5644937567852952], 0.036176196699962145, 1.2350783573268544, 1.2398799452284974, 0.372527680028827], "(15, 2, 30, 5000)": [[0.9887954520368704, 0.0007244974323280318], [0.7645919240036531, 0.3030754894649828], [0.09401757856618574, 0.000494735428639822], [0.7645919240036531, 0.3030754894649828], 1.2211719350314831, 0.30910072710240694, 0.6041769319361565, 0.8657755474451653],