{"(4, 2, 4, 10000)": [0.4132636420068542, 0.17419455584034865, 0.29471502262679117, 0.2893373786393033, 0.3571087473932505, 0.09376137716037307, 0.29471502262679117, 0.2893373786393033, 0.17828257881448184, 0.2949332776492551, 0.10765721489602081, 0.3829972133481782], "(8, 4, 28, 10000)": [0.9798294979723657, 0.18103028032125928, 0.3376652051119033, 0.1781596647283978, 0.42406005090984683, 0.11994492458679962, 0.3376652051119033, 0.1781596647283978, 0.342928875643753, 0.6796590262956128, 0.1818989392674835, 0.8457126695066569], "(4, 1, 14, 10000)": [0.23740156904188817, 0.1482809615958456, 0.1658374679471259, 0.1658374679471259, 0.07508560287011251, 0.06101223505971261, 0.1658374679471259, 0.1658374679471259, 0.16874496914566536, 0.18835410541096373, 0.20204357504070025, 0.1559724303330329], "(2, 1, 2, 10000)": [0.20377475486958005, 0.189989842740164, 0.33616524162040007, 0.33616524162040007, 3.885780586188048e-16, 3.4219371797089426e-16, 0.33616524162040007, 0.33616524162040007, 0.20012368618257145, 0.4235886121684296, 0.3885047035843122, 0.23631127923930498], "(32, 16, 52, 10000)": [0.9878808790014295, 0.17473421825075833, 0.3871114187413224, 0.21776637773456983, 0.40416770572695554, 0.06437764051906586, 0.3871114187413224, 0.21776637773456983, 0.19854573147884366, 1.051549691458791, 0.07088815439705162, 1.1443365713786686], "(4, 4, 14, 10000)": [0.778382869479029, 0.23932246036873478, 0.5431136674609768, 0.14954941561536797, 0.06545821552970506, 0.016616123607476694, 0.5431136674609768, 0.14954941561536797, 0.29864071853178586, 0.5942949814573981, 0.31056211834393815, 0.6778589247834739], "(8, 2, 8, 10000)": [0.9883001286500398, 0.17385410897761905, 0.19418756078818056, 0.19402969631821612, 0.5397514889822249, 0.15234538522415111, 0.19418756078818056, 0.19402969631821612, 1.1106134978138988, 0.2257789658893067, 1.0746204458306214, 0.43590684504947114], "(4, 1, 4, 10000)": [0.45051431412109366, 0.24596316297447274, 0.31096082564855737, 0.31096082564855737, 0.2387915900395756, 0.16465203046158614, 0.31096082564855737, 0.31096082564855737, 0.3255512529448338, 0.7282724840486806, 0.47448398846355017, 0.5958627140283442], "(4, 4, 4, 10000)": [0.9018192232086868, 0.11901575673599608, 0.37679705568832744, 0.22258509220730888, 0.07102374436662265, 0.013083191417929917, 0.37679705568832744, 0.22258509220730888, 0.11984177705536685, 0.24435453842615815, 0.1862916592751901, 0.179049278613965], "(2, 1, 12, 10000)": [0.2199744714554369, 0.20421333162299476, 0.23579395963776514, 0.23579395963776514, 1.4595379824469406e-15, 8.288186602359761e-16, 0.23579395963776514, 0.23579395963776514, 0.23335645403843663, 0.2853126749399452, 0.16377513812420996, 0.3537719962361812], "(8, 4, 8, 10000)": [0.686012643281512, 0.18726659761775968, 0.4572996612956177, 0.22593384453180632, 0.33446189505654206, 0.12011033556788936, 0.4572996612956177, 0.22593384453180632, 0.19320625120543308, 1.0577255013973939, 1.101333965809617, 0.2714245614178156], "(16, 16, 36, 10000)": [0.9639877549348789, 0.3775983561111298, 0.7063197790757265, 0.4539531980929369, 0.21207966917906312, 0.05476761187722934, 0.7063197790757265, 0.4539531980929369, 0.4291202711550075, 0.847126916422431, 0.060030739512400975, 1.1371379475043593], "(32, 16, 32, 10000)": [0.9847534388541728, 0.15121465387244143, 0.46935050050969956, 0.27330758728497073, 0.3261753693776222, 0.060787254071855853, 0.46935050050969956, 0.27330758728497073, 0.272300039021307, 1.1979714906109298, 0.07625473679622898, 1.266470645297167], "(16, 8, 26, 10000)": [0.8593065427595118, 0.17999007277375179, 0.4545392464556684, 0.34012390095604983, 0.26148013598993386, 0.09792759794540053, 0.4545392464556684, 0.34012390095604983, 0.686862205692389, 0.5670528843419212, 0.16406833678160157, 1.0758164773610552], "(8, 4, 18, 10000)": [0.9858355694360159, 0.13937964293115968, 0.342963877844076, 0.15125520327212047, 0.462527079409422, 0.09628631414866395, 0.342963877844076, 0.15125520327212047, 0.4006458355236063, 0.45297787859300254, 0.4181163027001841, 0.4395390464141015], "(8, 8, 18, 10000)": [0.9561603824745627, 0.3344334506323081, 0.6640872961164344, 0.29392629210522364, 0.19030435320585012, 0.0514909302752763, 0.6640872961164344, 0.29392629210522364, 0.62522734672025, 0.6701116265684783, 0.07421465656951327, 1.1523396223149656], "(4, 1, 24, 10000)": [0.3202284793503264, 0.3124404659364094, 0.32532866850710424, 0.32532866850710424, 0.3197627353527412, 0.3123755359431985, 0.32532866850710424, 0.32532866850710424, 0.3882324915709385, 0.789979385240176, 0.4132603489646018, 0.780324603111689], "(4, 2, 24, 10000)": [0.7373096440180006, 0.20120737618901494, 0.35147306236270104, 0.19300847983832517, 0.2817490538320939, 0.16987039356160794, 0.35147306236270104, 0.19300847983832517, 0.9506289323016573, 0.21499086981586615, 0.637709385156606, 0.4177122153591999], "(32, 16, 42, 10000)": [0.9748597854462545, 0.20577525232252744, 0.4917203751017575, 0.33087251384337546, 0.31412592732132605, 0.061572348560977645, 0.4917203751017575, 0.33087251384337546, 0.2464744134620402, 1.163478185438902, 0.06345123579724136, 1.2384912152580256], "(8, 8, 8, 10000)": [0.9602503626699835, 0.32769216051511374, 0.7160909686301233, 0.3744553333401541, 0.10474426559883644, 0.03929316931341534, 0.7160909686301233, 0.3744553333401541, 0.336369931004374, 0.9917519413556863, 0.08594344785246491, 1.118541856197124], "(16, 4, 36, 10000)": [0.9054097861039508, 0.1565398517264547, 0.34923615907006006, 0.20789754163336657, 0.5378123698563776, 0.13251557910516037, 0.34923615907006006, 0.20789754163336657, 0.3648156515235717, 0.5515070334196424, 0.22112543645376703, 0.7019768597894868], "(2, 2, 2, 10000)": [0.044270192704246175, 0.03897875296000488, 0.08059600854432585, 0.07530456880008483, 7.28021923224409e-16, 5.523289809442722e-16, 0.08059600854432585, 0.07530456880008483, 0.03899815293910902, 0.08071145417811726, 0.051863993230767444, 0.0678567405242886], "(32, 8, 32, 10000)": [0.9352334933377879, 0.10986718821481774, 0.18630376472223803, 0.12953666885701437, 0.5878068777361003, 0.07980209379865773, 0.18630376472223803, 0.12953666885701437, 0.11019053705240933, 1.3383018716336614, 0.08732431934211396, 1.3432681955665307], "(32, 8, 42, 10000)": [0.9886200559833555, 0.1299472112782725, 0.27124003474963926, 0.13575705761452148, 0.6276129244435968, 0.07970867742492395, 0.27124003474963926, 0.13575705761452148, 1.1058200534644815, 0.25531945292719754, 1.2702100465749153, 0.15498220692809334], "(16, 4, 26, 10000)": [0.9595635755751618, 0.16421850345820052, 0.3379480527805958, 0.1942413002375783, 0.5887168080554603, 0.13613664081605456, 0.3379480527805958, 0.1942413002375783, 0.33455337713268807, 0.9902938606841978, 0.1656095371324267, 1.1492019302599705], "(8, 2, 28, 10000)": [0.9431336058169968, 0.1994544246150798, 0.2425491294997227, 0.20648406375045264, 0.9425588507523704, 0.19117789313615663, 0.2425491294997227, 0.20648406375045264, 0.34631516167109805, 0.621211542245592, 0.3168862900582949, 0.6553787970425372], "(2, 1, 22, 10000)": [0.16009908383285423, 0.14563867781309087, 0.1647257480393631, 0.1647257480393631, 2.9124716945606738e-15, 6.795754750475138e-16, 0.1647257480393631, 0.1647257480393631, 0.1649095099492279, 0.17964722711194622, 0.2192116295081754, 0.125156423743813], "(64, 16, 64, 10000)": [0.9948626838778512, 0.12523322777055712, 0.2815278736515809, 0.15947663662407255, 0.5468643826503904, 0.04453132698209433, 0.2815278736515809, 0.15947663662407255, 0.16327568946922766, 1.3623317423057242, 0.0465979671627127, 1.3552982793400346], "(4, 2, 14, 10000)": [0.9873604457340222, 0.18482980711924474, 0.2383466271269691, 0.2001245003997166, 0.6637141974786651, 0.16875755217065588, 0.2383466271269691, 0.2001245003997166, 0.30595581661516424, 0.8147260077047079, 0.26795073509279843, 0.8514542738781197],